{"cameraMode":{"drawMode":0,"name":"Shaded","section":"Shading Mode"},"sceneLighting":false,"audioPlay":false,"sceneViewState":{"m_AlwaysRefresh":false,"showFog":true,"showSkybox":true,"showFlares":true,"showImageEffects":true,"showParticleSystems":true,"showVisualEffectGraphs":true,"m_FxEnabled":true},"in2DMode":false,"pivot":{"x":-3.9234848022460939,"y":0.09193658828735352,"z":13.310407638549805},"rotation":{"x":0.14903077483177186,"y":-0.498310923576355,"z":0.08693774789571762,"w":0.8495959639549255},"size":9.951685905456543,"orthographic":false}