{"cameraMode":{"drawMode":0,"name":"Shaded","section":"Shading Mode"},"sceneLighting":false,"audioPlay":false,"sceneViewState":{"m_AlwaysRefresh":false,"showFog":true,"showSkybox":true,"showFlares":true,"showImageEffects":true,"showParticleSystems":true,"showVisualEffectGraphs":true,"m_FxEnabled":true},"in2DMode":false,"pivot":{"x":5.000273704528809,"y":4.228013515472412,"z":4.818711280822754},"rotation":{"x":0.06654427945613861,"y":-0.6530948877334595,"z":0.05728261172771454,"w":0.7522034645080566},"size":0.021645348519086839,"orthographic":false}