{"cameraMode":{"drawMode":0,"name":"Shaded","section":"Shading Mode"},"sceneLighting":false,"audioPlay":false,"sceneViewState":{"m_AlwaysRefresh":false,"showFog":true,"showSkybox":true,"showFlares":true,"showImageEffects":true,"showParticleSystems":true,"showVisualEffectGraphs":true,"m_FxEnabled":true},"in2DMode":false,"pivot":{"x":12.65778636932373,"y":6.315982818603516,"z":1.3050272464752198},"rotation":{"x":0.14659525454044343,"y":-0.48460257053375246,"z":0.08226831257343292,"w":0.858367383480072},"size":0.4741487205028534,"orthographic":false}