{"cameraMode":{"drawMode":0,"name":"Shaded","section":"Shading Mode"},"sceneLighting":false,"audioPlay":false,"sceneViewState":{"m_AlwaysRefresh":false,"showFog":true,"showSkybox":true,"showFlares":true,"showImageEffects":true,"showParticleSystems":true,"showVisualEffectGraphs":true,"m_FxEnabled":true},"in2DMode":false,"pivot":{"x":3.8888766765594484,"y":10.930727005004883,"z":-9.615487098693848},"rotation":{"x":-0.328940212726593,"y":0.036121487617492679,"z":-0.012105556204915047,"w":-0.9435898661613464},"size":1.0432820320129395,"orthographic":false}