{"cameraMode":{"drawMode":0,"name":"Shaded","section":"Shading Mode"},"sceneLighting":false,"audioPlay":false,"sceneViewState":{"m_AlwaysRefresh":false,"showFog":true,"showSkybox":false,"showFlares":true,"showImageEffects":true,"showParticleSystems":true,"showVisualEffectGraphs":true,"m_FxEnabled":true},"in2DMode":false,"pivot":{"x":1.9718592166900635,"y":-0.11295698583126068,"z":3.850907802581787},"rotation":{"x":-0.054541829973459247,"y":0.787039577960968,"z":-0.0699419304728508,"w":-0.6104253530502319},"size":0.08660252392292023,"orthographic":false}